dgv_organization_id,dgv_organization_name,dgv_nb_datasets,geop_organization_id,geop_organization_name,geop_slug,dgv_slug,geoc_organization_name,geoc_organization_uuid,geoc_organization_url,geoc_slug
61fc10b5285e11c883d018bd,MAIRIE LES TROIS DOMAINES,0.0,,,nan,mairie les trois domaines,Mairie de Les Trois domaines,6fc21c45008161fcadd99a9c53e0351f,http://www.geocatalogue.fr/www/dcat/6fc21c45008161fcadd99a9c53e0351f/catalog.rdf,mairie les trois domaines
61b0b0673c11d387da1df057,Pontivy Communaute,0.0,,,nan,pontivy communaute,Pontivy Communauté,eac49cc9bdb321a31f6150862adc28b7,http://www.geocatalogue.fr/www/dcat/eac49cc9bdb321a31f6150862adc28b7/catalog.rdf,pontivy communaute
61484aaaffc949c8b4971434,Préfecture de la région Hauts-de-France,1.0,,,nan,prefecture la region hauts-de-france,Préfecture de la région Hauts-de-France,0709d43ca86491e10b8d95b9ae7ad916,http://www.geocatalogue.fr/www/dcat/0709d43ca86491e10b8d95b9ae7ad916/catalog.rdf,prefecture la region hauts-de-france
61322119e8f2ff4e8225c747,Préfecture des Landes,0.0,,,nan,prefecture landes,Préfecture des Landes,81bbfc2b3e0c3589fb5f868f157f0f65,http://www.geocatalogue.fr/www/dcat/81bbfc2b3e0c3589fb5f868f157f0f65/catalog.rdf,prefecture landes
60ba2f3eb3735a080f1fbda7,Communauté de Communes de Haute Cornouaille,15.0,,,nan,communaute communes haute cornouaille,Communauté de Communes de Haute Cornouaille,1f9c319f589bbea6f8bbf65bcf6be730,http://www.geocatalogue.fr/www/dcat/1f9c319f589bbea6f8bbf65bcf6be730/catalog.rdf,communaute communes haute cornouaille
60b887112966e85ad4af5d87,Vendée Eau,1.0,,,nan,vendee eau,Vendée Eau,e025e20163c523060771f2d7b4975533,http://www.geocatalogue.fr/www/dcat/e025e20163c523060771f2d7b4975533/catalog.rdf,vendee eau
60af47590c0f0c2ad4d2b3db,GEOPAL,1.0,,,nan,geopal,GéoPAL,bab36dee9674dec90cc6a25bcbbce2be,http://www.geocatalogue.fr/www/dcat/bab36dee9674dec90cc6a25bcbbce2be/catalog.rdf,geopal
60ae1a87d2b49820073b1a8b,GRAND ANNECY Agglomération,6.0,,,nan,grand annecy agglomeration,Grand Annecy Agglomération,a9a1bda97fbc95346022044faecf4811,http://www.geocatalogue.fr/www/dcat/a9a1bda97fbc95346022044faecf4811/catalog.rdf,grand annecy agglomeration
60a3c84131bef0b3b4ef4b98,TIGEO,9.0,,,nan,tigeo,Tigeo,5a33e14720926d8278259f2ed7db2958,http://www.geocatalogue.fr/www/dcat/5a33e14720926d8278259f2ed7db2958/catalog.rdf,tigeo
6076b7bf549a7fe1af5f34d1,Université du Littoral Côte d'Opale,2.0,,,nan,universite littoral côte opale,Université du Littoral Côte d'Opale,6ec1a7b5ce951a8963364aed0e754f81,http://www.geocatalogue.fr/www/dcat/6ec1a7b5ce951a8963364aed0e754f81/catalog.rdf,universite littoral côte opale
607419e9cbc32a2016161e13,MAIRIE,1.0,,,nan,mairie,Mairie,71d05386effde564ffb51038a2e517b5,http://www.geocatalogue.fr/www/dcat/71d05386effde564ffb51038a2e517b5/catalog.rdf,mairie
6050c8aa2728371703b10cc4,Géolittoral,0.0,,,nan,geolittoral,GéoLittoral,65efd34ba5a2697d4d40b1ccd492c500,http://www.geocatalogue.fr/www/dcat/65efd34ba5a2697d4d40b1ccd492c500/catalog.rdf,geolittoral
602a76772df506cadc9cd94a,Communauté d'agglomération du Beauvaisis,0.0,,,nan,communaute agglomeration beauvaisis,Communauté d'Agglomération du Beauvaisis,bd86cc4a19ff3aa3c37a56fa32a45807,http://www.geocatalogue.fr/www/dcat/bd86cc4a19ff3aa3c37a56fa32a45807/catalog.rdf,communaute agglomeration beauvaisis
5ff4280ee35a26149bec45f5,Collectivité européenne d'Alsace,0.0,,,nan,collectivite europeenne alsace,Collectivité Européenne d'Alsace,f24827cbcd54be8680e24504b892a102,http://www.geocatalogue.fr/www/dcat/f24827cbcd54be8680e24504b892a102/catalog.rdf,collectivite europeenne alsace
5fa578db7ab2286e28d09c7b,Sogefi,0.0,,,nan,sogefi,Sogefi,73efbdb6332c081d3f1b735c5bbf72d0,http://www.geocatalogue.fr/www/dcat/73efbdb6332c081d3f1b735c5bbf72d0/catalog.rdf,sogefi
5f970b9c35d3bc51b1d191b0,Commune d'Hémevez,1.0,,,nan,commune hemevez,Commune de Hémevez,7811960283b78bcfebf0803a6db1746a,http://www.geocatalogue.fr/www/dcat/7811960283b78bcfebf0803a6db1746a/catalog.rdf,commune hemevez
5f89b85270114f233c8b6f08,Communauté de Communes du Pays de Lunel,13.0,,,nan,communaute communes pays lunel,Communauté de Communes du Pays de Lunel,ea04b8c7e064e80f7dc5a41d0594e3e6,http://www.geocatalogue.fr/www/dcat/ea04b8c7e064e80f7dc5a41d0594e3e6/catalog.rdf,communaute communes pays lunel
5f898bdf254e86297006ef0c,Parc national de forêts,1.0,,,nan,parc national forets,Parc National de Forêts,0ca84c440918b69ced5e51cda25f1dc7,http://www.geocatalogue.fr/www/dcat/0ca84c440918b69ced5e51cda25f1dc7/catalog.rdf,parc national forets
5f75bfd44b24099822942358,Perpignan Méditerranee Metropole,0.0,,,nan,perpignan mediterranee metropole,Perpignan Méditerranée Métropole,e070f02f750eb9c194bd16683d4f6ae4,http://www.geocatalogue.fr/www/dcat/e070f02f750eb9c194bd16683d4f6ae4/catalog.rdf,perpignan mediterranee metropole
5f7579800609cd45fe81c10b,Mairie de Saint-Christophe-en-Bazelle,1.0,,,nan,mairie saint-christophe-en-bazelle,Mairie de Saint-Christophe-en-Bazelle,bf895ac844d5a53d05d7f9d528d9c417,http://www.geocatalogue.fr/www/dcat/bf895ac844d5a53d05d7f9d528d9c417/catalog.rdf,mairie saint-christophe-en-bazelle
5f6af29ff7ae06ea64a234d1,Vienne Condrieu Agglomération,1.0,,,nan,vienne condrieu agglomeration,Vienne Condrieu Agglomération,ce361fc8a6cca49b372edae7689dcf2c,http://www.geocatalogue.fr/www/dcat/ce361fc8a6cca49b372edae7689dcf2c/catalog.rdf,vienne condrieu agglomeration
5f645ff92c8feaa1ce245e8f,Mairie des Arcs sur Argens,0.0,,,nan,mairie arcs sur argens,Mairie des Arcs sur Argens,70c7dbb71af0d8bc621142a58b6519d6,http://www.geocatalogue.fr/www/dcat/70c7dbb71af0d8bc621142a58b6519d6/catalog.rdf,mairie arcs sur argens
5f60b2cb86bb3584d0f09f08,Clermont Auvergne Métropole,99.0,,,nan,clermont auvergne metropole,Clermont Auvergne Métropole,d59aa5f7223458e5b33eb29a696805a9,http://www.geocatalogue.fr/www/dcat/d59aa5f7223458e5b33eb29a696805a9/catalog.rdf,clermont auvergne metropole
5e721a395d57f93d0bed451f,Santé publique France,22.0,,,nan,sante publique france,Santé publique France,531160f967c8ba0e535e70f6c8996fdb,http://www.geocatalogue.fr/www/dcat/531160f967c8ba0e535e70f6c8996fdb/catalog.rdf,sante publique france
5e6b3dd78b4c415ebe5c72b8,Atmo Nouvelle-Aquitaine,0.0,,,nan,atmo nouvelle-aquitaine,ATMO Nouvelle-Aquitaine,ddc478ea14f66cafc74e400b80aea774,http://www.geocatalogue.fr/www/dcat/ddc478ea14f66cafc74e400b80aea774/catalog.rdf,atmo nouvelle-aquitaine
5e6b3c668b4c41571010282f,Atmo Nouvelle-Aquitaine,0.0,,,nan,atmo nouvelle-aquitaine,ATMO Nouvelle-Aquitaine,ddc478ea14f66cafc74e400b80aea774,http://www.geocatalogue.fr/www/dcat/ddc478ea14f66cafc74e400b80aea774/catalog.rdf,atmo nouvelle-aquitaine
5e6a0f216f4441754f0a9d1b,Parc naturel régional du Verdon,0.0,,,nan,parc naturel regional verdon,Parc Naturel Régional du Verdon,ebe355bf7c9afb83bb9121eb9fa34f1c,http://www.geocatalogue.fr/www/dcat/ebe355bf7c9afb83bb9121eb9fa34f1c/catalog.rdf,parc naturel regional verdon
5e2af3758b4c41693ce44aa3,Communauté d'Agglomération de la Région de Compiègne et de la Basse Automne,1.0,,,nan,communaute agglomeration la region compiegne et la basse automne,Communauté d'Agglomération de la Région de Compiègne et de la Basse Automne,624d3509c726864836fad73c50420143,http://www.geocatalogue.fr/www/dcat/624d3509c726864836fad73c50420143/catalog.rdf,communaute agglomeration la region compiegne et la basse automne
5de7d6fc6f44413185b01841,Communauté de communes du Pays Fouesnantais,0.0,,,nan,communaute communes pays fouesnantais,Communauté de Communes du Pays Fouesnantais,88e384c87b8896c9e776a8192cdc4879,http://www.geocatalogue.fr/www/dcat/88e384c87b8896c9e776a8192cdc4879/catalog.rdf,communaute communes pays fouesnantais
5ddc086f634f41190d4c1006,Géo2France,211.0,,,nan,geo2france,Géo2France,deff6307a83cb17577ef754d04d8d55b,http://www.geocatalogue.fr/www/dcat/deff6307a83cb17577ef754d04d8d55b/catalog.rdf,geo2france
5ddbf5ff6f444103e11e9d3d,Atmo Bourgogne-Franche-Comté,6.0,,,nan,atmo bourgogne-franche-comte,ATMO Bourgogne-Franche-Comté,4c63af9b83ce548a5ecde9fccad6b334,http://www.geocatalogue.fr/www/dcat/4c63af9b83ce548a5ecde9fccad6b334/catalog.rdf,atmo bourgogne-franche-comte
5dc4192f8b4c41249cc6a390,Commune de Bergerac,3.0,,,nan,commune bergerac,Commune de Bergerac,903de4094a619eb9b7f6c9774cf8cee7,http://www.geocatalogue.fr/www/dcat/903de4094a619eb9b7f6c9774cf8cee7/catalog.rdf,commune bergerac
5d36eca88b4c4161e6a77771,METROPOLE ROUEN NORMANDIE,0.0,,,nan,metropole rouen normandie,Métropole Rouen Normandie,f5470b3d0ebde8b2655757448a3f9770,http://www.geocatalogue.fr/www/dcat/f5470b3d0ebde8b2655757448a3f9770/catalog.rdf,metropole rouen normandie
5a0467d188ee38711f65672c,Métropole Rouen Normandie,9.0,,,nan,metropole rouen normandie,Métropole Rouen Normandie,f5470b3d0ebde8b2655757448a3f9770,http://www.geocatalogue.fr/www/dcat/f5470b3d0ebde8b2655757448a3f9770/catalog.rdf,metropole rouen normandie
5d1dba2d634f41226ef05b97,Communauté de Communes de Forez-Est,4.0,,,nan,communaute communes forez-est,Communauté de Communes de Forez-Est,0635a688da4cb1778dcc025be94ed103,http://www.geocatalogue.fr/www/dcat/0635a688da4cb1778dcc025be94ed103/catalog.rdf,communaute communes forez-est
5d1228648b4c4109b4e27b24,Agglomération du Choletais,0.0,,,nan,agglomeration choletais,Agglomération du Choletais,e05f395b2c2b3a94fabd65275d6ae266,http://www.geocatalogue.fr/www/dcat/e05f395b2c2b3a94fabd65275d6ae266/catalog.rdf,agglomeration choletais
5cb6d4f78b4c4118e18f37d1,Tours Métropole Val de Loire,57.0,,,nan,tours metropole val loire,Tours Métropole Val de Loire,3c4c0ae8165b90b7345e21f0792cda91,http://www.geocatalogue.fr/www/dcat/3c4c0ae8165b90b7345e21f0792cda91/catalog.rdf,tours metropole val loire
5c9e2c5d634f412729e9e460,Communauté d'Agglomération du Bassin de Brive,3.0,5c9e2c5d634f412729e9e460,Communauté d'Agglomération du Bassin de Brive,communaute agglomeration bassin brive,communaute agglomeration bassin brive,Communauté d'Agglomération du Bassin de Brive,c1fb8ca5bb41decb6a19e3a6eb7cb6ad,http://www.geocatalogue.fr/www/dcat/c1fb8ca5bb41decb6a19e3a6eb7cb6ad/catalog.rdf,communaute agglomeration bassin brive
5c8f64368b4c4122db3a2b1d,VICHY COMMUNAUTE,0.0,,,nan,vichy communaute,Vichy Communauté,c360cc8fe157342154529c4e44980c4e,http://www.geocatalogue.fr/www/dcat/c360cc8fe157342154529c4e44980c4e/catalog.rdf,vichy communaute
5c7510c18b4c417f11742baf,Ville de Nice,0.0,,,nan,ville nice,Ville de Nice,d2deeb7f0b35125805bc386e6132e287,http://www.geocatalogue.fr/www/dcat/d2deeb7f0b35125805bc386e6132e287/catalog.rdf,ville nice
5c5d4aab8b4c41493760a3c2,Vélo & Territoires,0.0,,,nan,velo & territoires,Vélo & Territoires,910a87d5e842610cca31a9c8d9e27a4d,http://www.geocatalogue.fr/www/dcat/910a87d5e842610cca31a9c8d9e27a4d/catalog.rdf,velo & territoires
5c531ea4634f410f32dba7a1,Communauté d'Agglomération du Pays de Fontainebleau,0.0,,,nan,communaute agglomeration pays fontainebleau,Communauté d'Agglomération du Pays de Fontainebleau,c0919bf8c7880d7448aa15f9d794c1f5,http://www.geocatalogue.fr/www/dcat/c0919bf8c7880d7448aa15f9d794c1f5/catalog.rdf,communaute agglomeration pays fontainebleau
5c34c63a8b4c41718c8b236f,Saint-Etienne Métropole,2.0,,,nan,saint-etienne metropole,Saint-Etienne Métropole,b71e474073814bc569f4ec5ca9f7630b,http://www.geocatalogue.fr/www/dcat/b71e474073814bc569f4ec5ca9f7630b/catalog.rdf,saint-etienne metropole
5bf7f6a3634f413588391745,GéoGrandEst,13.0,5bf7f6a3634f413588391745,CIGAL,cigal,geograndest,GéoGrandEst,def001eda2af8eaccc991eda2236be5b,http://www.geocatalogue.fr/www/dcat/def001eda2af8eaccc991eda2236be5b/catalog.rdf,geograndest
5bf7f6a3634f413588391745,GéoGrandEst,13.0,5bf7f6a3634f413588391745,Conseil départemental du Haut-Rhin,conseil departemental haut-rhin,geograndest,GéoGrandEst,def001eda2af8eaccc991eda2236be5b,http://www.geocatalogue.fr/www/dcat/def001eda2af8eaccc991eda2236be5b/catalog.rdf,geograndest
5bf7f6a3634f413588391745,GéoGrandEst,13.0,5bf7f6a3634f413588391745,RÉGION GRAND EST,région grand est,geograndest,GéoGrandEst,def001eda2af8eaccc991eda2236be5b,http://www.geocatalogue.fr/www/dcat/def001eda2af8eaccc991eda2236be5b/catalog.rdf,geograndest
5bf29ad88b4c413977f828d7,GéoCompiégnois,1.0,5bf29ad88b4c413977f828d7,GéoCompiégnois,geocompiegnois,geocompiegnois,GéoCompiégnois,90af9f258a252ce50b25a75c01a6a57a,http://www.geocatalogue.fr/www/dcat/90af9f258a252ce50b25a75c01a6a57a/catalog.rdf,geocompiegnois
5bec4aea8b4c416395a5e99e,Communauté d'Agglomération de l'Auxerrois,1.0,,,nan,communaute agglomeration auxerrois,Communauté d'Agglomération de l'Auxerrois,227077eae7cfdc84ff1de3f8f1a5ca66,http://www.geocatalogue.fr/www/dcat/227077eae7cfdc84ff1de3f8f1a5ca66/catalog.rdf,communaute agglomeration auxerrois
5bec28758b4c412a07c7ee5e,Communauté d'Agglomération Beaune Côte et Sud,1.0,,,nan,communaute agglomeration beaune côte et sud,Communauté d'Agglomération Beaune Côte et Sud,d186bd754a955502f899910b4733033c,http://www.geocatalogue.fr/www/dcat/d186bd754a955502f899910b4733033c/catalog.rdf,communaute agglomeration beaune côte et sud
5be949a9634f415deb46af0e,Lig'Air,79.0,,,nan,lig air,Lig'Air,c79fc686561ac0f122e8fe81ad00c355,http://www.geocatalogue.fr/www/dcat/c79fc686561ac0f122e8fe81ad00c355/catalog.rdf,lig air
5bd07d888b4c415b3778c8cd,Dinan Agglomération,0.0,,,nan,dinan agglomeration,Dinan Agglomération,9e7ec13533104af120b2d27dd14dd58f,http://www.geocatalogue.fr/www/dcat/9e7ec13533104af120b2d27dd14dd58f/catalog.rdf,dinan agglomeration
5bd07c648b4c415aef4c3932,Dinan Agglomération,0.0,,,nan,dinan agglomeration,Dinan Agglomération,9e7ec13533104af120b2d27dd14dd58f,http://www.geocatalogue.fr/www/dcat/9e7ec13533104af120b2d27dd14dd58f/catalog.rdf,dinan agglomeration
5bc4921f8b4c416a683d003f,LAVAL Agglomération,1.0,,,nan,laval agglomeration,Laval Agglomération,1676f90b6586f76aca5845145fc66f22,http://www.geocatalogue.fr/www/dcat/1676f90b6586f76aca5845145fc66f22/catalog.rdf,laval agglomeration
5bbb27cc8b4c4150063834c1,Communauté de Communes du Golfe de Saint-Tropez,17.0,,,nan,communaute communes golfe saint-tropez,Communauté de Communes du Golfe de Saint-Tropez,4e3375473250f7a920a20e4fe43e3155,http://www.geocatalogue.fr/www/dcat/4e3375473250f7a920a20e4fe43e3155/catalog.rdf,communaute communes golfe saint-tropez
5bb4afe4634f415b10723272,Mairie de Venelles,1.0,,,nan,mairie venelles,Mairie de Venelles,9ecc5616b9b25c5c5a3fb9ef819a5b17,http://www.geocatalogue.fr/www/dcat/9ecc5616b9b25c5c5a3fb9ef819a5b17/catalog.rdf,mairie venelles
5b9fb3678b4c416ff2277bb5,AtmoSud,16.0,5b9fb3678b4c416ff2277bb5,AtmoSud,atmosud,atmosud,AtmoSud,886e00f1b312fa30bc2a58487087d645,http://www.geocatalogue.fr/www/dcat/886e00f1b312fa30bc2a58487087d645/catalog.rdf,atmosud
5b9a1371634f417f35dc4a7c,Mairie d'Aire-sur-Adour,1.0,5b9a1371634f417f35dc4a7c,Mairie de Aire-sur-Adour,mairie aire-sur-adour,mairie aire-sur-adour,Mairie de Aire-sur-Adour,ef1695c36defce9806388adb705c76a4,http://www.geocatalogue.fr/www/dcat/ef1695c36defce9806388adb705c76a4/catalog.rdf,mairie aire-sur-adour
5b9a00938b4c41453e8a406b,Communauté urbaine de Caen la mer,5.0,,,nan,communaute urbaine caen la mer,Communauté Urbaine de Caen la mer,c1bc800c37fb620738c26e90c59a5c59,http://www.geocatalogue.fr/www/dcat/c1bc800c37fb620738c26e90c59a5c59/catalog.rdf,communaute urbaine caen la mer
5b6c2e4b8b4c41287663df35,Communauté d'Agglomération Béziers Méditerranée,1.0,,,nan,communaute agglomeration beziers mediterranee,Communauté d'Agglomération Béziers Méditerranée,47c22402e5fe4dda7c2dcee459ae03a5,http://www.geocatalogue.fr/www/dcat/47c22402e5fe4dda7c2dcee459ae03a5/catalog.rdf,communaute agglomeration beziers mediterranee
5b4f5364c751df0bb1c28756,Territoires Numériques Bourgogne-Franche-Comté,3.0,,,nan,territoires numeriques bourgogne-franche-comte,Territoires Numériques Bourgogne-Franche-Comté,5e337ac8fa2602f9f7bd0abb07dfbf45,http://www.geocatalogue.fr/www/dcat/5e337ac8fa2602f9f7bd0abb07dfbf45/catalog.rdf,territoires numeriques bourgogne-franche-comte
5b28c206c751df0b1af55751,Sigena,0.0,,,nan,sigena,Sigena,631b991c0a0f1f8a5501462cf7ec042c,http://www.geocatalogue.fr/www/dcat/631b991c0a0f1f8a5501462cf7ec042c/catalog.rdf,sigena
5b18fb70c751df1da631a2da,Montfort Communauté,4.0,,,nan,montfort communaute,Montfort Communauté,1bd284e61a81dd94017c227589127c02,http://www.geocatalogue.fr/www/dcat/1bd284e61a81dd94017c227589127c02/catalog.rdf,montfort communaute
5b17e0a088ee387f8690a580,Communauté d'Agglomération Rochefort Océan,1.0,,,nan,communaute agglomeration rochefort ocean,Communauté d'Agglomération Rochefort Océan,e1535046afad7cdc313fc2bc5eb13825,http://www.geocatalogue.fr/www/dcat/e1535046afad7cdc313fc2bc5eb13825/catalog.rdf,communaute agglomeration rochefort ocean
5b0d11f688ee382af4b18c95,Bordeaux Métropole,188.0,,,nan,bordeaux metropole,Bordeaux Métropole,fbd2a7c688fdc3543f8d8692877f52e2,http://www.geocatalogue.fr/www/dcat/fbd2a7c688fdc3543f8d8692877f52e2/catalog.rdf,bordeaux metropole
5ae6b61b88ee382152cd61a9,Communauté d'agglomération de La Rochelle,36.0,,,nan,communaute agglomeration la rochelle,Communauté d'Agglomération de La Rochelle,6dd848c6e77797e581b71528648a420e,http://www.geocatalogue.fr/www/dcat/6dd848c6e77797e581b71528648a420e/catalog.rdf,communaute agglomeration la rochelle
5aabc0ecc751df25cba8382b,Communauté Urbaine du Grand Reims,3.0,,,nan,communaute urbaine grand reims,Communauté Urbaine du Grand Reims,abacb25bf12f74950580821a71e483c5,http://www.geocatalogue.fr/www/dcat/abacb25bf12f74950580821a71e483c5/catalog.rdf,communaute urbaine grand reims
5aaa29ac88ee386652b31c45,Communauté de Communes Terres des Confluences,0.0,,,nan,communaute communes terres confluences,Communauté de Communes Terres des Confluences,d0737b2557b91b6741ed2039671d912d,http://www.geocatalogue.fr/www/dcat/d0737b2557b91b6741ed2039671d912d/catalog.rdf,communaute communes terres confluences
5a3aca3888ee382cb72b1308,Mairie de Vesseaux,0.0,,,nan,mairie vesseaux,Mairie de Vesseaux,6cbde35591c65b07507a071c79726e5e,http://www.geocatalogue.fr/www/dcat/6cbde35591c65b07507a071c79726e5e/catalog.rdf,mairie vesseaux
5a3a7cd8c751df3092aea45a,Ville du Havre,61.0,,,nan,ville havre,Ville du Havre,a36df2c52c81f973a68c332e8b613fe3,http://www.geocatalogue.fr/www/dcat/a36df2c52c81f973a68c332e8b613fe3/catalog.rdf,ville havre
59f846d588ee380840aa2865,Communauté de Communes Coeur Côte Fleurie,49.0,,,nan,communaute communes coeur côte fleurie,Communauté de Communes Coeur Côte Fleurie,473ebaa62a52fe268ed6bd8263d257f7,http://www.geocatalogue.fr/www/dcat/473ebaa62a52fe268ed6bd8263d257f7/catalog.rdf,communaute communes coeur côte fleurie
59e71ccd88ee3808785cdd6b,Communauté de communes du Pays Bigouden Sud,2.0,,,nan,communaute communes pays bigouden sud,Communauté de Communes du Pays Bigouden Sud,77b270a0a363105c9f05493db60fc493,http://www.geocatalogue.fr/www/dcat/77b270a0a363105c9f05493db60fc493/catalog.rdf,communaute communes pays bigouden sud
59d2b2dc88ee3826a73899be,Eurométropole de Strasbourg,18.0,,,nan,eurometropole strasbourg,Eurométropole de Strasbourg,c7e30423f41e8d145c90e5844fc31a80,http://www.geocatalogue.fr/www/dcat/c7e30423f41e8d145c90e5844fc31a80/catalog.rdf,eurometropole strasbourg
595254f888ee384d9d265130,Lannion-Trégor Communauté,10.0,,,nan,lannion-tregor communaute,Lannion-Trégor Communauté,d712e6e3fee0c7c122f5c6d2e8c0c522,http://www.geocatalogue.fr/www/dcat/d712e6e3fee0c7c122f5c6d2e8c0c522/catalog.rdf,lannion-tregor communaute
594be11888ee38743d67051b,Ville de Nevers,16.0,,,nan,ville nevers,Ville de Nevers,946a2ea78432be7180496aef684e65c3,http://www.geocatalogue.fr/www/dcat/946a2ea78432be7180496aef684e65c3/catalog.rdf,ville nevers
58aeb568c751df7765b59c2c,Haut-Léon Communauté,0.0,,,nan,haut-leon communaute,Haut-Léon Communauté,c64dcd620af009737ee2871d02194ee9,http://www.geocatalogue.fr/www/dcat/c64dcd620af009737ee2871d02194ee9/catalog.rdf,haut-leon communaute
5847cb5cc751df5d58c0bb7e,Montpellier Méditerranée Métropole,6.0,,,nan,montpellier mediterranee metropole,Montpellier Méditerranée Métropole,d384f2a467ea1ba1017428a0576e62d9,http://www.geocatalogue.fr/www/dcat/d384f2a467ea1ba1017428a0576e62d9/catalog.rdf,montpellier mediterranee metropole
583d8ff888ee3841eac65bb3,Communauté d'Agglomération du Grand Verdun,0.0,,,nan,communaute agglomeration grand verdun,Communauté d'Agglomération du Grand Verdun,391e052d6eaeb2aad1bb354f71561056,http://www.geocatalogue.fr/www/dcat/391e052d6eaeb2aad1bb354f71561056/catalog.rdf,communaute agglomeration grand verdun
580fb83a88ee38771813e4cb,GéoGuyane,73.0,580fb83a88ee38771813e4cb,ALTOA,altoa,geoguyane,GéoGuyane,5dee39189afd2274b8c5a876b1351255,http://www.geocatalogue.fr/www/dcat/5dee39189afd2274b8c5a876b1351255/catalog.rdf,geoguyane
580fb83a88ee38771813e4cb,GéoGuyane,73.0,580fb83a88ee38771813e4cb,AUDeG,audeg,geoguyane,GéoGuyane,5dee39189afd2274b8c5a876b1351255,http://www.geocatalogue.fr/www/dcat/5dee39189afd2274b8c5a876b1351255/catalog.rdf,geoguyane
580fb83a88ee38771813e4cb,GéoGuyane,73.0,580fb83a88ee38771813e4cb,AUDeG - Agence d'Urbanisme et de Développement de la Guyane,audeg agence urbanisme et developpement la guyane,geoguyane,GéoGuyane,5dee39189afd2274b8c5a876b1351255,http://www.geocatalogue.fr/www/dcat/5dee39189afd2274b8c5a876b1351255/catalog.rdf,geoguyane
580fb83a88ee38771813e4cb,GéoGuyane,73.0,580fb83a88ee38771813e4cb,CEMAGREF / IRISTEA,cemagref / iristea,geoguyane,GéoGuyane,5dee39189afd2274b8c5a876b1351255,http://www.geocatalogue.fr/www/dcat/5dee39189afd2274b8c5a876b1351255/catalog.rdf,geoguyane
580fb83a88ee38771813e4cb,GéoGuyane,73.0,580fb83a88ee38771813e4cb,CEREMA / Direction Territoriale Méditerranée,cerema / direction territoriale mediterranee,geoguyane,GéoGuyane,5dee39189afd2274b8c5a876b1351255,http://www.geocatalogue.fr/www/dcat/5dee39189afd2274b8c5a876b1351255/catalog.rdf,geoguyane
580fb83a88ee38771813e4cb,GéoGuyane,73.0,580fb83a88ee38771813e4cb,DAC Guyane,dac guyane,geoguyane,GéoGuyane,5dee39189afd2274b8c5a876b1351255,http://www.geocatalogue.fr/www/dcat/5dee39189afd2274b8c5a876b1351255/catalog.rdf,geoguyane
57bee2fac751df7bb297bae5,Observatoire national des risques naturels,0.0,,,nan,observatoire national risques naturels,Observatoire National des Risques Naturels,a8ce64b6daa632022359789b7977ff39,http://www.geocatalogue.fr/www/dcat/a8ce64b6daa632022359789b7977ff39/catalog.rdf,observatoire national risques naturels
5732ff7788ee382b08d1b934,Grenoble-Alpes Métropole,21.0,,,nan,grenoble-alpes metropole,Grenoble-Alpes Métropole,862d8ff3b51af23d64285c43b1d9edcc,http://www.geocatalogue.fr/www/dcat/862d8ff3b51af23d64285c43b1d9edcc/catalog.rdf,grenoble-alpes metropole
5728b81488ee384691a19f12,Pays de Châteaugiron Communauté,5.0,5728b81488ee384691a19f12,DDTM35/METSSI (Direction Départementale des Territoires et de la Mer d'Ille-et-Vilaine/Mission de l'Expertise Territoriale et de la Stratégie du Système d'Information),ddtm35/metssi direction departementale territoires et la mer ille-et-vilaine/mission expertise territoriale et la strategie systeme information,pays châteaugiron communaute,Pays de Châteaugiron Communauté,930974390ca186d0389a01f745e1b668,http://www.geocatalogue.fr/www/dcat/930974390ca186d0389a01f745e1b668/catalog.rdf,pays châteaugiron communaute
5728b81488ee384691a19f12,Pays de Châteaugiron Communauté,5.0,5728b81488ee384691a19f12,DREAL Bretagne / service patrimoine naturel,dreal bretagne / service patrimoine naturel,pays châteaugiron communaute,Pays de Châteaugiron Communauté,930974390ca186d0389a01f745e1b668,http://www.geocatalogue.fr/www/dcat/930974390ca186d0389a01f745e1b668/catalog.rdf,pays châteaugiron communaute
56cb2297c751df566312e588,SOREGIES,2.0,,,nan,soregies,Sorégies,a6995c0bc4eaabbb98c937e13c603722,http://www.geocatalogue.fr/www/dcat/a6995c0bc4eaabbb98c937e13c603722/catalog.rdf,soregies
56ab6daa88ee3859ece82d6e,Communauté d'Agglomération Royan Atlantique,9.0,,,nan,communaute agglomeration royan atlantique,Communauté d'Agglomération Royan Atlantique,df8d1561f7ec28c90599dd37f31ca024,http://www.geocatalogue.fr/www/dcat/df8d1561f7ec28c90599dd37f31ca024/catalog.rdf,communaute agglomeration royan atlantique
56826fdfc751df5dddc664bc,Orange,1.0,,,nan,orange,Orange,909cea0c97058cfe2e3ea8d675cb08e1,http://www.geocatalogue.fr/www/dcat/909cea0c97058cfe2e3ea8d675cb08e1/catalog.rdf,orange
56544b5f88ee382b99e72048,Centre National de la Propriété Forestière,5.0,,,nan,centre national la propriete forestiere,Centre National de la Propriété Forestière,8b2e1759b67db7e4d9d620e067f4a940,http://www.geocatalogue.fr/www/dcat/8b2e1759b67db7e4d9d620e067f4a940/catalog.rdf,centre national la propriete forestiere
5600018d88ee3872b9ccb97b,GéoLimousin,6.0,5600018d88ee3872b9ccb97b,Communauté d'Aggglomération Limoges Métropole,communaute aggglomeration limoges metropole,geolimousin,GéoLimousin,77fb69a943086ec404bd5f43ebef1549,http://www.geocatalogue.fr/www/dcat/77fb69a943086ec404bd5f43ebef1549/catalog.rdf,geolimousin
5600018d88ee3872b9ccb97b,GéoLimousin,6.0,5600018d88ee3872b9ccb97b,Institut NAtional de l'Origine et de la qualité,institut national origine et la qualite,geolimousin,GéoLimousin,77fb69a943086ec404bd5f43ebef1549,http://www.geocatalogue.fr/www/dcat/77fb69a943086ec404bd5f43ebef1549/catalog.rdf,geolimousin
5600018d88ee3872b9ccb97b,GéoLimousin,6.0,5600018d88ee3872b9ccb97b,Limoges Métropole / Pôle Infrastructure et Ressources Techniques / DRT - SIG,limoges metropole / pôle infrastructure et ressources techniques / drt sig,geolimousin,GéoLimousin,77fb69a943086ec404bd5f43ebef1549,http://www.geocatalogue.fr/www/dcat/77fb69a943086ec404bd5f43ebef1549/catalog.rdf,geolimousin
5600018d88ee3872b9ccb97b,GéoLimousin,6.0,5600018d88ee3872b9ccb97b,Limoges Métropole / Pôle Transport et Mobilité / DTD - Transports Urbains,limoges metropole / pôle transport et mobilite / dtd transports urbains,geolimousin,GéoLimousin,77fb69a943086ec404bd5f43ebef1549,http://www.geocatalogue.fr/www/dcat/77fb69a943086ec404bd5f43ebef1549/catalog.rdf,geolimousin
5600018d88ee3872b9ccb97b,GéoLimousin,6.0,5600018d88ee3872b9ccb97b,PNR de Millevaches en Limousin,pnr millevaches en limousin,geolimousin,GéoLimousin,77fb69a943086ec404bd5f43ebef1549,http://www.geocatalogue.fr/www/dcat/77fb69a943086ec404bd5f43ebef1549/catalog.rdf,geolimousin
5600018d88ee3872b9ccb97b,GéoLimousin,6.0,5600018d88ee3872b9ccb97b,Préfecture du Limousin,prefecture limousin,geolimousin,GéoLimousin,77fb69a943086ec404bd5f43ebef1549,http://www.geocatalogue.fr/www/dcat/77fb69a943086ec404bd5f43ebef1549/catalog.rdf,geolimousin
5600018d88ee3872b9ccb97b,GéoLimousin,6.0,5600018d88ee3872b9ccb97b,Région Limousin,region limousin,geolimousin,GéoLimousin,77fb69a943086ec404bd5f43ebef1549,http://www.geocatalogue.fr/www/dcat/77fb69a943086ec404bd5f43ebef1549/catalog.rdf,geolimousin
5600018d88ee3872b9ccb97b,GéoLimousin,6.0,5600018d88ee3872b9ccb97b,Service Départemental d'Incendie et de Secours de la Haute-Vienne,service departemental incendie et secours la haute-vienne,geolimousin,GéoLimousin,77fb69a943086ec404bd5f43ebef1549,http://www.geocatalogue.fr/www/dcat/77fb69a943086ec404bd5f43ebef1549/catalog.rdf,geolimousin
5600018d88ee3872b9ccb97b,GéoLimousin,6.0,5600018d88ee3872b9ccb97b,Ville de Limoges,ville limoges,geolimousin,GéoLimousin,77fb69a943086ec404bd5f43ebef1549,http://www.geocatalogue.fr/www/dcat/77fb69a943086ec404bd5f43ebef1549/catalog.rdf,geolimousin
55b8c85288ee3827203ca288,Lorient Agglomération,196.0,55b8c85288ee3827203ca288,Lorient Agglomération,lorient agglomeration,lorient agglomeration,Lorient Agglomération,f5a73111572856a89e8b8e46b60e2bb0,http://www.geocatalogue.fr/www/dcat/f5a73111572856a89e8b8e46b60e2bb0/catalog.rdf,lorient agglomeration
5527987bc751df037faec475,Communauté d'Agglomération Plaine Centrale du Val-de-Marne,0.0,5527987bc751df037faec475,Communauté d'agglomération Plaine Centrale du Val-de-Marne,communaute agglomeration plaine centrale val-de-marne,communaute agglomeration plaine centrale val-de-marne,Communauté d'Agglomération Plaine Centrale du Val-de-Marne,39dc5a36ac5a5d6d08e959381f8a6b0e,http://www.geocatalogue.fr/www/dcat/39dc5a36ac5a5d6d08e959381f8a6b0e/catalog.rdf,communaute agglomeration plaine centrale val-de-marne
551d4b6cc751df4f1a0cd89f,Morbihan énergies,7.0,,,nan,morbihan energies,Morbihan Energies,0f0802e85f871fa2c3276e88c0429558,http://www.geocatalogue.fr/www/dcat/0f0802e85f871fa2c3276e88c0429558/catalog.rdf,morbihan energies
550c0162c751df5c49882844,Parc naturel régional du Marais poitevin,0.0,,,nan,parc naturel regional marais poitevin,Parc naturel régional du Marais Poitevin,3da005357c6924fa5360ac53978f64bd,http://www.geocatalogue.fr/www/dcat/3da005357c6924fa5360ac53978f64bd/catalog.rdf,parc naturel regional marais poitevin
54f461f8c751df0f88882844,Institut français de recherche pour l'exploitation de la mer (IFREMER),268.0,54f461f8c751df0f88882844,Délégation Ifremer La Réunion,delegation ifremer la reunion,institut français recherche exploitation la mer ifremer,Institut Français de Recherche pour l'Exploitation de la Mer (IFREMER),fe9245be9267f60570614a784c426e3d,http://www.geocatalogue.fr/www/dcat/fe9245be9267f60570614a784c426e3d/catalog.rdf,institut français recherche exploitation la mer ifremer
54f461f8c751df0f88882844,Institut français de recherche pour l'exploitation de la mer (IFREMER),268.0,54f461f8c751df0f88882844,Délégation Ifremer océan Indien,delegation ifremer ocean indien,institut français recherche exploitation la mer ifremer,Institut Français de Recherche pour l'Exploitation de la Mer (IFREMER),fe9245be9267f60570614a784c426e3d,http://www.geocatalogue.fr/www/dcat/fe9245be9267f60570614a784c426e3d/catalog.rdf,institut français recherche exploitation la mer ifremer
54f461f8c751df0f88882844,Institut français de recherche pour l'exploitation de la mer (IFREMER),268.0,54f461f8c751df0f88882844,IFREMER,ifremer,institut français recherche exploitation la mer ifremer,Institut Français de Recherche pour l'Exploitation de la Mer (IFREMER),fe9245be9267f60570614a784c426e3d,http://www.geocatalogue.fr/www/dcat/fe9245be9267f60570614a784c426e3d/catalog.rdf,institut français recherche exploitation la mer ifremer
54f461f8c751df0f88882844,Institut français de recherche pour l'exploitation de la mer (IFREMER),268.0,54f461f8c751df0f88882844,IFREMER - LEAD NC,ifremer lead nc,institut français recherche exploitation la mer ifremer,Institut Français de Recherche pour l'Exploitation de la Mer (IFREMER),fe9245be9267f60570614a784c426e3d,http://www.geocatalogue.fr/www/dcat/fe9245be9267f60570614a784c426e3d/catalog.rdf,institut français recherche exploitation la mer ifremer
54f461f8c751df0f88882844,Institut français de recherche pour l'exploitation de la mer (IFREMER),268.0,54f461f8c751df0f88882844,"IFREMER, Géosciences Marines",ifremer geosciences marines,institut français recherche exploitation la mer ifremer,Institut Français de Recherche pour l'Exploitation de la Mer (IFREMER),fe9245be9267f60570614a784c426e3d,http://www.geocatalogue.fr/www/dcat/fe9245be9267f60570614a784c426e3d/catalog.rdf,institut français recherche exploitation la mer ifremer
54f461f8c751df0f88882844,Institut français de recherche pour l'exploitation de la mer (IFREMER),268.0,54f461f8c751df0f88882844,IFREMERIFREMER,ifremerifremer,institut français recherche exploitation la mer ifremer,Institut Français de Recherche pour l'Exploitation de la Mer (IFREMER),fe9245be9267f60570614a784c426e3d,http://www.geocatalogue.fr/www/dcat/fe9245be9267f60570614a784c426e3d/catalog.rdf,institut français recherche exploitation la mer ifremer
54f461f8c751df0f88882844,Institut français de recherche pour l'exploitation de la mer (IFREMER),268.0,54f461f8c751df0f88882844,IUEM,iuem,institut français recherche exploitation la mer ifremer,Institut Français de Recherche pour l'Exploitation de la Mer (IFREMER),fe9245be9267f60570614a784c426e3d,http://www.geocatalogue.fr/www/dcat/fe9245be9267f60570614a784c426e3d/catalog.rdf,institut français recherche exploitation la mer ifremer
54f461f8c751df0f88882844,Institut français de recherche pour l'exploitation de la mer (IFREMER),268.0,54f461f8c751df0f88882844,IUEM/LEMAR,iuem/lemar,institut français recherche exploitation la mer ifremer,Institut Français de Recherche pour l'Exploitation de la Mer (IFREMER),fe9245be9267f60570614a784c426e3d,http://www.geocatalogue.fr/www/dcat/fe9245be9267f60570614a784c426e3d/catalog.rdf,institut français recherche exploitation la mer ifremer
54f461f8c751df0f88882844,Institut français de recherche pour l'exploitation de la mer (IFREMER),268.0,54f461f8c751df0f88882844,IUEM/LEMAR UMR 6539,iuem/lemar umr 6539,institut français recherche exploitation la mer ifremer,Institut Français de Recherche pour l'Exploitation de la Mer (IFREMER),fe9245be9267f60570614a784c426e3d,http://www.geocatalogue.fr/www/dcat/fe9245be9267f60570614a784c426e3d/catalog.rdf,institut français recherche exploitation la mer ifremer
54f461f8c751df0f88882844,Institut français de recherche pour l'exploitation de la mer (IFREMER),268.0,54f461f8c751df0f88882844,Ifremer,ifremer,institut français recherche exploitation la mer ifremer,Institut Français de Recherche pour l'Exploitation de la Mer (IFREMER),fe9245be9267f60570614a784c426e3d,http://www.geocatalogue.fr/www/dcat/fe9245be9267f60570614a784c426e3d/catalog.rdf,institut français recherche exploitation la mer ifremer
54f461f8c751df0f88882844,Institut français de recherche pour l'exploitation de la mer (IFREMER),268.0,54f461f8c751df0f88882844,Ifremer - Géosciences Marines,ifremer geosciences marines,institut français recherche exploitation la mer ifremer,Institut Français de Recherche pour l'Exploitation de la Mer (IFREMER),fe9245be9267f60570614a784c426e3d,http://www.geocatalogue.fr/www/dcat/fe9245be9267f60570614a784c426e3d/catalog.rdf,institut français recherche exploitation la mer ifremer
54f461f8c751df0f88882844,Institut français de recherche pour l'exploitation de la mer (IFREMER),268.0,54f461f8c751df0f88882844,Ifremer - Géosciences MarinesIfremer - Géosciences Marines,ifremer geosciences marinesifremer geosciences marines,institut français recherche exploitation la mer ifremer,Institut Français de Recherche pour l'Exploitation de la Mer (IFREMER),fe9245be9267f60570614a784c426e3d,http://www.geocatalogue.fr/www/dcat/fe9245be9267f60570614a784c426e3d/catalog.rdf,institut français recherche exploitation la mer ifremer
54f461f8c751df0f88882844,Institut français de recherche pour l'exploitation de la mer (IFREMER),268.0,54f461f8c751df0f88882844,Ifremer - Géosciences marines,ifremer geosciences marines,institut français recherche exploitation la mer ifremer,Institut Français de Recherche pour l'Exploitation de la Mer (IFREMER),fe9245be9267f60570614a784c426e3d,http://www.geocatalogue.fr/www/dcat/fe9245be9267f60570614a784c426e3d/catalog.rdf,institut français recherche exploitation la mer ifremer
54f461f8c751df0f88882844,Institut français de recherche pour l'exploitation de la mer (IFREMER),268.0,54f461f8c751df0f88882844,Ifremer - LEAD NC,ifremer lead nc,institut français recherche exploitation la mer ifremer,Institut Français de Recherche pour l'Exploitation de la Mer (IFREMER),fe9245be9267f60570614a784c426e3d,http://www.geocatalogue.fr/www/dcat/fe9245be9267f60570614a784c426e3d/catalog.rdf,institut français recherche exploitation la mer ifremer
54f461f8c751df0f88882844,Institut français de recherche pour l'exploitation de la mer (IFREMER),268.0,54f461f8c751df0f88882844,Ifremer - Sciences et Techniques Halieutiques,ifremer sciences et techniques halieutiques,institut français recherche exploitation la mer ifremer,Institut Français de Recherche pour l'Exploitation de la Mer (IFREMER),fe9245be9267f60570614a784c426e3d,http://www.geocatalogue.fr/www/dcat/fe9245be9267f60570614a784c426e3d/catalog.rdf,institut français recherche exploitation la mer ifremer
54f461f8c751df0f88882844,Institut français de recherche pour l'exploitation de la mer (IFREMER),268.0,54f461f8c751df0f88882844,Ifremer - Sciences et technologies halieutiques,ifremer sciences et technologies halieutiques,institut français recherche exploitation la mer ifremer,Institut Français de Recherche pour l'Exploitation de la Mer (IFREMER),fe9245be9267f60570614a784c426e3d,http://www.geocatalogue.fr/www/dcat/fe9245be9267f60570614a784c426e3d/catalog.rdf,institut français recherche exploitation la mer ifremer
54f461f8c751df0f88882844,Institut français de recherche pour l'exploitation de la mer (IFREMER),268.0,54f461f8c751df0f88882844,Ifremer -Géosciences marines,ifremer -geosciences marines,institut français recherche exploitation la mer ifremer,Institut Français de Recherche pour l'Exploitation de la Mer (IFREMER),fe9245be9267f60570614a784c426e3d,http://www.geocatalogue.fr/www/dcat/fe9245be9267f60570614a784c426e3d/catalog.rdf,institut français recherche exploitation la mer ifremer
54f461f8c751df0f88882844,Institut français de recherche pour l'exploitation de la mer (IFREMER),268.0,54f461f8c751df0f88882844,Ifremer / Ifremer Reunion delegation,ifremer / ifremer reunion delegation,institut français recherche exploitation la mer ifremer,Institut Français de Recherche pour l'Exploitation de la Mer (IFREMER),fe9245be9267f60570614a784c426e3d,http://www.geocatalogue.fr/www/dcat/fe9245be9267f60570614a784c426e3d/catalog.rdf,institut français recherche exploitation la mer ifremer
54f461f8c751df0f88882844,Institut français de recherche pour l'exploitation de la mer (IFREMER),268.0,54f461f8c751df0f88882844,Ifremer – Sciences et technologies halieutiques,ifremer – sciences et technologies halieutiques,institut français recherche exploitation la mer ifremer,Institut Français de Recherche pour l'Exploitation de la Mer (IFREMER),fe9245be9267f60570614a784c426e3d,http://www.geocatalogue.fr/www/dcat/fe9245be9267f60570614a784c426e3d/catalog.rdf,institut français recherche exploitation la mer ifremer
54f461f8c751df0f88882844,Institut français de recherche pour l'exploitation de la mer (IFREMER),268.0,54f461f8c751df0f88882844,IfremerIfremer,ifremerifremer,institut français recherche exploitation la mer ifremer,Institut Français de Recherche pour l'Exploitation de la Mer (IFREMER),fe9245be9267f60570614a784c426e3d,http://www.geocatalogue.fr/www/dcat/fe9245be9267f60570614a784c426e3d/catalog.rdf,institut français recherche exploitation la mer ifremer
54f461f8c751df0f88882844,Institut français de recherche pour l'exploitation de la mer (IFREMER),268.0,54f461f8c751df0f88882844,Laboratoire LEMARLaboratoire LEMAR,laboratoire lemarlaboratoire lemar,institut français recherche exploitation la mer ifremer,Institut Français de Recherche pour l'Exploitation de la Mer (IFREMER),fe9245be9267f60570614a784c426e3d,http://www.geocatalogue.fr/www/dcat/fe9245be9267f60570614a784c426e3d/catalog.rdf,institut français recherche exploitation la mer ifremer
54f461f8c751df0f88882844,Institut français de recherche pour l'exploitation de la mer (IFREMER),268.0,54f461f8c751df0f88882844,SISMERSISMER,sismersismer,institut français recherche exploitation la mer ifremer,Institut Français de Recherche pour l'Exploitation de la Mer (IFREMER),fe9245be9267f60570614a784c426e3d,http://www.geocatalogue.fr/www/dcat/fe9245be9267f60570614a784c426e3d/catalog.rdf,institut français recherche exploitation la mer ifremer
54f461f8c751df0f88882844,Institut français de recherche pour l'exploitation de la mer (IFREMER),268.0,54f461f8c751df0f88882844,Sextant,sextant,institut français recherche exploitation la mer ifremer,Institut Français de Recherche pour l'Exploitation de la Mer (IFREMER),fe9245be9267f60570614a784c426e3d,http://www.geocatalogue.fr/www/dcat/fe9245be9267f60570614a784c426e3d/catalog.rdf,institut français recherche exploitation la mer ifremer
54f461f8c751df0f88882844,Institut français de recherche pour l'exploitation de la mer (IFREMER),268.0,54f461f8c751df0f88882844,TBM,tbm,institut français recherche exploitation la mer ifremer,Institut Français de Recherche pour l'Exploitation de la Mer (IFREMER),fe9245be9267f60570614a784c426e3d,http://www.geocatalogue.fr/www/dcat/fe9245be9267f60570614a784c426e3d/catalog.rdf,institut français recherche exploitation la mer ifremer
54f461f8c751df0f88882844,Institut français de recherche pour l'exploitation de la mer (IFREMER),268.0,54f461f8c751df0f88882844,UBO UMR 6308 Amure,ubo umr 6308 amure,institut français recherche exploitation la mer ifremer,Institut Français de Recherche pour l'Exploitation de la Mer (IFREMER),fe9245be9267f60570614a784c426e3d,http://www.geocatalogue.fr/www/dcat/fe9245be9267f60570614a784c426e3d/catalog.rdf,institut français recherche exploitation la mer ifremer
54e3c4f1c751df7e3e467389,Picardie Nature,6.0,,,nan,picardie nature,Picardie Nature,dbad86c23ba216fdd8016ac985619174,http://www.geocatalogue.fr/www/dcat/dbad86c23ba216fdd8016ac985619174/catalog.rdf,picardie nature
5492db21c751df7a9c04805a,SAINT-MALO AGGLOMERATION,6.0,,,nan,saint-malo agglomeration,Saint-Malo Agglomération,b5456077aa59b1751724d5d7bcc33584,http://www.geocatalogue.fr/www/dcat/b5456077aa59b1751724d5d7bcc33584/catalog.rdf,saint-malo agglomeration
546e60c7c751df7135068e8d,Parc Naturel Régional du Vercors,2.0,,,nan,parc naturel regional vercors,Parc Naturel Régional du Vercors,d0186be7121b7654b4382b97f774a7ad,http://www.geocatalogue.fr/www/dcat/d0186be7121b7654b4382b97f774a7ad/catalog.rdf,parc naturel regional vercors
53d04424a3a72970fff91f08,Mairie de Menton,0.0,,,nan,mairie menton,Mairie de Menton,3303cd32fe461b4e357a5e309ca20cd3,http://www.geocatalogue.fr/www/dcat/3303cd32fe461b4e357a5e309ca20cd3/catalog.rdf,mairie menton
539ef743a3a72946de9ebe28,Institut de radioprotection et de sûreté nucléaire (IRSN),2.0,,,nan,institut radioprotection et sûrete nucleaire irsn,Institut de Radioprotection et de Sûreté Nucléaire (IRSN),aa5322483114cd3d223148761e5facc4,http://www.geocatalogue.fr/www/dcat/aa5322483114cd3d223148761e5facc4/catalog.rdf,institut radioprotection et sûrete nucleaire irsn
534fffb8a3a7292c64a7814c,Ville de Marseille,46.0,,,nan,ville marseille,Ville de Marseille,bdd7ea370038867d44ce731e74248e7b,http://www.geocatalogue.fr/www/dcat/bdd7ea370038867d44ce731e74248e7b/catalog.rdf,ville marseille
534fffaaa3a7292c64a780dd,Rennes Métropole,65.0,534fffaaa3a7292c64a780dd,Rennes Métropole,rennes metropole,rennes metropole,Rennes Métropole,a219446a40a21504dd65430e709ff40f,http://www.geocatalogue.fr/www/dcat/a219446a40a21504dd65430e709ff40f/catalog.rdf,rennes metropole
534fffaaa3a7292c64a780dd,Rennes Métropole,65.0,534fffaaa3a7292c64a780dd,Rennes Métropole - Foncier,rennes metropole foncier,rennes metropole,Rennes Métropole,a219446a40a21504dd65430e709ff40f,http://www.geocatalogue.fr/www/dcat/a219446a40a21504dd65430e709ff40f/catalog.rdf,rennes metropole
534fffaaa3a7292c64a780dd,Rennes Métropole,65.0,534fffaaa3a7292c64a780dd,Rennes Métropole - SIG,rennes metropole sig,rennes metropole,Rennes Métropole,a219446a40a21504dd65430e709ff40f,http://www.geocatalogue.fr/www/dcat/a219446a40a21504dd65430e709ff40f/catalog.rdf,rennes metropole
534fffaaa3a7292c64a780dd,Rennes Métropole,65.0,534fffaaa3a7292c64a780dd,Rennes Métropole - SMU,rennes metropole smu,rennes metropole,Rennes Métropole,a219446a40a21504dd65430e709ff40f,http://www.geocatalogue.fr/www/dcat/a219446a40a21504dd65430e709ff40f/catalog.rdf,rennes metropole
534fffaaa3a7292c64a780dd,Rennes Métropole,65.0,534fffaaa3a7292c64a780dd,Rennes Métropole - STU,rennes metropole stu,rennes metropole,Rennes Métropole,a219446a40a21504dd65430e709ff40f,http://www.geocatalogue.fr/www/dcat/a219446a40a21504dd65430e709ff40f/catalog.rdf,rennes metropole
534fffaaa3a7292c64a780dd,Rennes Métropole,65.0,534fffaaa3a7292c64a780dd,Rennes Métropole - SVDM,rennes metropole svdm,rennes metropole,Rennes Métropole,a219446a40a21504dd65430e709ff40f,http://www.geocatalogue.fr/www/dcat/a219446a40a21504dd65430e709ff40f/catalog.rdf,rennes metropole
534fffaaa3a7292c64a780dd,Rennes Métropole,65.0,534fffaaa3a7292c64a780dd,Rennes Métropole - Service Collecte des déchets,rennes metropole service collecte dechets,rennes metropole,Rennes Métropole,a219446a40a21504dd65430e709ff40f,http://www.geocatalogue.fr/www/dcat/a219446a40a21504dd65430e709ff40f/catalog.rdf,rennes metropole
534fffaaa3a7292c64a780dd,Rennes Métropole,65.0,534fffaaa3a7292c64a780dd,Rennes Métropole - Service Information Géographique,rennes metropole service information geographique,rennes metropole,Rennes Métropole,a219446a40a21504dd65430e709ff40f,http://www.geocatalogue.fr/www/dcat/a219446a40a21504dd65430e709ff40f/catalog.rdf,rennes metropole
534fffa3a3a7292c64a78094,Pôle emploi,22.0,,,nan,pôle emploi,Pôle Emploi,bc4715c01c58b1994e8358a8516132ee,http://www.geocatalogue.fr/www/dcat/bc4715c01c58b1994e8358a8516132ee/catalog.rdf,pôle emploi
534fffa1a3a7292c64a7808b,Ordre des géomètres-experts,2.0,,,nan,ordre geometres-experts,Ordre des Geomètres-Experts,ca3d6b14ca72a2a1a1a072e27805ca6a,http://www.geocatalogue.fr/www/dcat/ca3d6b14ca72a2a1a1a072e27805ca6a/catalog.rdf,ordre geometres-experts
534fffa0a3a7292c64a7806b,OpenStreetMap,35.0,,,nan,openstreetmap,OpenStreetMap,7e9cea4fb21abc9cd4eeee5116f7e101,http://www.geocatalogue.fr/www/dcat/7e9cea4fb21abc9cd4eeee5116f7e101/catalog.rdf,openstreetmap
534fff96a3a7292c64a77fe7,"Ministère de l'Economie, de l'Industrie et du Numérique",13.0,,,nan,ministere economie industrie et numerique,Ministère de l'Economie de l'Industrie et du Numérique,b26e504f1ab98bd7b5c1c2b2625da841,http://www.geocatalogue.fr/www/dcat/b26e504f1ab98bd7b5c1c2b2625da841/catalog.rdf,ministere economie industrie et numerique
534fff8fa3a7292c64a77f3d,Ministère de la Cohésion des territoires,102.0,534fff8fa3a7292c64a77f3d,"DGALN (Direction Générale de l'Aménagement, du Logement et de la Nature)",dgaln direction generale amenagement logement et la nature,ministere la cohesion territoires,Ministère de la Cohésion des territoires,e058b768f3da5a378395f2e98e4287eb,http://www.geocatalogue.fr/www/dcat/e058b768f3da5a378395f2e98e4287eb/catalog.rdf,ministere la cohesion territoires
534fff8ba3a7292c64a77ed3,Mégalis Bretagne,12.0,534fff8ba3a7292c64a77ed3,Mégalis Bretagne,megalis bretagne,megalis bretagne,Mégalis Bretagne,0e87c9b38630b59b3ae530ff694a225c,http://www.geocatalogue.fr/www/dcat/0e87c9b38630b59b3ae530ff694a225c/catalog.rdf,megalis bretagne
534fff81a3a7292c64a77e5c,Institut National de la Statistique et des Etudes Economiques (Insee),42.0,,,nan,institut national la statistique et etudes economiques insee,Institut National de la Statistique et des Etudes Economiques (INSEE),141ea892c720c02ee419db39a0786b73,http://www.geocatalogue.fr/www/dcat/141ea892c720c02ee419db39a0786b73/catalog.rdf,institut national la statistique et etudes economiques insee
534fff81a3a7292c64a77e5b,Institut National de la Santé et de la Recherche Médicale (Inserm),0.0,,,nan,institut national la sante et la recherche medicale inserm,Institut National de la Santé et de la Recherche Médicale (INSERM),92753bce47c6361a474de4a34c470bbb,http://www.geocatalogue.fr/www/dcat/92753bce47c6361a474de4a34c470bbb/catalog.rdf,institut national la sante et la recherche medicale inserm
534fff80a3a7292c64a77e54,Institut national de l'origine et de la qualité (INAO),6.0,,,nan,institut national origine et la qualite inao,Institut National de l'Origine et de la Qualité (INAO),da21ba5adabeff3fad51e81451bf6a0b,http://www.geocatalogue.fr/www/dcat/da21ba5adabeff3fad51e81451bf6a0b/catalog.rdf,institut national origine et la qualite inao
534fff75a3a7292c64a77de4,Etalab,55.0,,,nan,etalab,Etalab,64df3887b6f352057e2b585ed7e88940,http://www.geocatalogue.fr/www/dcat/64df3887b6f352057e2b585ed7e88940/catalog.rdf,etalab
534fff5ca3a7292c64a77d26,Caisse nationale de solidarité pour l'autonomie (CNSA),5.0,,,nan,caisse nationale solidarite autonomie cnsa,Caisse Nationale de Solidarité pour l'Autonomie (CNSA),cb29cea4f38e1ab18271c3879200d590,http://www.geocatalogue.fr/www/dcat/cb29cea4f38e1ab18271c3879200d590/catalog.rdf,caisse nationale solidarite autonomie cnsa
534fff5ba3a7292c64a77d19,Brest métropole,4.0,,,nan,brest metropole,Brest métropole,b7ab8538c55bb04350641f4da5a6650e,http://www.geocatalogue.fr/www/dcat/b7ab8538c55bb04350641f4da5a6650e/catalog.rdf,brest metropole
534fff58a3a7292c64a77cf6,"Autorité de régulation des communications électroniques, des postes et de la distribution de la presse (ARCEP)",13.0,,,nan,autorite regulation communications electroniques postes et la distribution la presse arcep,"Autorité de régulation des communications électroniques, des postes et de la distribution de la presse (ARCEP)",ceb1e54bd7da3d1ca2a43fb0c71bc964,http://www.geocatalogue.fr/www/dcat/ceb1e54bd7da3d1ca2a43fb0c71bc964/catalog.rdf,autorite regulation communications electroniques postes et la distribution la presse arcep
534fff53a3a7292c64a77cd7,Air Pays de la Loire,10.0,,,nan,air pays la loire,Air Pays de la Loire,f540ee38176857fd4ed78c5c321b9ac0,http://www.geocatalogue.fr/www/dcat/f540ee38176857fd4ed78c5c321b9ac0/catalog.rdf,air pays la loire
534fff52a3a7292c64a77cd2,Agence Technique de l'information sur l'Hospitalisation (ATIH),12.0,,,nan,agence technique information sur hospitalisation atih,Agence Technique de l'information sur l'hospitalisation (ATIH),98283bf812e489423f273f61a4e4e431,http://www.geocatalogue.fr/www/dcat/98283bf812e489423f273f61a4e4e431/catalog.rdf,agence technique information sur hospitalisation atih
534fff50a3a7292c64a77cc0,"Agence nationale de sécurité sanitaire, de l'alimentation, de l'environnement et du travail (Anses)",11.0,,,nan,agence nationale securite sanitaire alimentation environnement et travail anses,"Agence nationale de sécurité sanitaire de l'alimentation, de l'environnement et du travail (ANSES)",cadef4c11943e372e8afd0b94797b5ec,http://www.geocatalogue.fr/www/dcat/cadef4c11943e372e8afd0b94797b5ec/catalog.rdf,agence nationale securite sanitaire alimentation environnement et travail anses
5d823fd98b4c411e38e820b4,Fluo Grand Est,41.0,5d823fd98b4c411e38e820b4,Communauté Urbaine du Grand Reims,communaute urbaine grand reims,fluo grand est,Communauté Urbaine du Grand Reims,abacb25bf12f74950580821a71e483c5,http://www.geocatalogue.fr/www/dcat/abacb25bf12f74950580821a71e483c5/catalog.rdf,communaute urbaine grand reims
5d823fd98b4c411e38e820b4,Fluo Grand Est,41.0,5d823fd98b4c411e38e820b4,Communauté d'Agglomération du Grand Verdun,communaute agglomeration grand verdun,fluo grand est,Communauté d'Agglomération du Grand Verdun,391e052d6eaeb2aad1bb354f71561056,http://www.geocatalogue.fr/www/dcat/391e052d6eaeb2aad1bb354f71561056/catalog.rdf,communaute agglomeration grand verdun
5d823fd98b4c411e38e820b4,Fluo Grand Est,41.0,5d823fd98b4c411e38e820b4,Communauté de Communes Moselle et Madon,communaute communes moselle et madon,fluo grand est,Communauté de Communes Moselle et Madon,3cb087be746da686bd255b0ec85022a5,http://www.geocatalogue.fr/www/dcat/3cb087be746da686bd255b0ec85022a5/catalog.rdf,communaute communes moselle et madon
5c90d6b3634f41513909d0d0,La ROCHELLE UNIVERSITE,4.0,5c90d6b3634f41513909d0d0,Université de la Rochelle,universite la rochelle,la rochelle universite,Université de la Rochelle,761d4ac8dc3bea34a33d76a8ef56b3bc,http://www.geocatalogue.fr/www/dcat/761d4ac8dc3bea34a33d76a8ef56b3bc/catalog.rdf,universite la rochelle
5adda58dc751df45e10ca319,Pôle métropolitain du Pays de Brest,2.0,5adda58dc751df45e10ca319,Pays de Brest,pays brest,pôle metropolitain pays brest,Pays de Brest,d2b11632dffbb74f97472db3c08dcc91,http://www.geocatalogue.fr/www/dcat/d2b11632dffbb74f97472db3c08dcc91/catalog.rdf,pays brest
5ab9f514c751df2c90d61897,Géo17,0.0,5ab9f514c751df2c90d61897,Soluris,soluris,geo17,Soluris,f637deb0fd9464fa3713afaf112d9fa4,http://www.geocatalogue.fr/www/dcat/f637deb0fd9464fa3713afaf112d9fa4/catalog.rdf,soluris
59196e9088ee38471c78dac6,GRAND BESANCON METROPOLE,31.0,59196e9088ee38471c78dac6,Communauté d'Agglomération du Grand besançon,communaute agglomeration grand besançon,grand besancon metropole,Communauté d'Agglomération du Grand Besançon,f403eb8bd8a39769aaa1e2dc996b5c54,http://www.geocatalogue.fr/www/dcat/f403eb8bd8a39769aaa1e2dc996b5c54/catalog.rdf,communaute agglomeration grand besançon
5891a9ee88ee384c909b81a4,DRIEE Île-de-France,0.0,5891a9ee88ee384c909b81a4,Direction Régionale et Interdépartementale de l’Environnement et de l’Energie d’Île-de-France (DRIEE Ile-de-France),direction regionale et interdepartementale l’environnement et l’energie d’île-de-france driee ile-de-france,driee île-de-france,Direction Régionale et Interdépartementale de l’Environnement et de l’Energie d’Île-de-France (DRIEE Ile-de-France),e47a85d65cf813f3b022fca58163710d,http://www.geocatalogue.fr/www/dcat/e47a85d65cf813f3b022fca58163710d/catalog.rdf,direction regionale et interdepartementale l’environnement et l’energie d’île-de-france driee ile-de-france
5882a05d88ee3835c59b81a4,DREAL Auvergne-Rhône-Alpes,210.0,5882a05d88ee3835c59b81a4,Direction Régionale de l'Environnement de l'Aménagement et du Logement d'Auvergne-Rhône-Alpes (DREAL Auvergne-Rhône-Alpes),direction regionale environnement amenagement et logement auvergne-rhône-alpes dreal auvergne-rhône-alpes,dreal auvergne-rhône-alpes,Direction Régionale de l'Environnement de l'Aménagement et du Logement d'Auvergne-Rhône-Alpes (DREAL Auvergne-Rhône-Alpes),ca109fb89b856c23f0541e70abe4941b,http://www.geocatalogue.fr/www/dcat/ca109fb89b856c23f0541e70abe4941b/catalog.rdf,direction regionale environnement amenagement et logement auvergne-rhône-alpes dreal auvergne-rhône-alpes
58738bdc88ee385e8c0bfefe,Service Départemental d'Incendie et de Secours du Bas-Rhin,3.0,58738bdc88ee385e8c0bfefe,Service Départemental d'Incendie et de Secours du Bas-Rhin (SDIS 67),service departemental incendie et secours bas-rhin sdis 67,service departemental incendie et secours bas-rhin,Service Départemental d'Incendie et de Secours du Bas-Rhin (SDIS 67),5f7b324316104abafb64ec6b1d2026ff,http://www.geocatalogue.fr/www/dcat/5f7b324316104abafb64ec6b1d2026ff/catalog.rdf,service departemental incendie et secours bas-rhin sdis 67
580fb83a88ee38771813e4cb,GéoGuyane,73.0,580fb83a88ee38771813e4cb,ALTOA,altoa,geoguyane,ALTOA,31028f3d2abdd3efb9de366f5ef5681b,http://www.geocatalogue.fr/www/dcat/31028f3d2abdd3efb9de366f5ef5681b/catalog.rdf,altoa
57daa20388ee385c305ff491,Communauté de communes du Val d'Ille - Aubigné,15.0,57daa20388ee385c305ff491,Communauté de communes  Val d'Ille - Aubigné,communaute communes  val ille aubigne,communaute communes val ille aubigne,Communauté de Communes  Val d'Ille - Aubigné,45b71889a80b63a97078754dd8cb8e96,http://www.geocatalogue.fr/www/dcat/45b71889a80b63a97078754dd8cb8e96/catalog.rdf,communaute communes  val ille aubigne
552cc6bec751df224637dddb,DatARA - Données publiques ouvertes en Auvergne-Rhône-Alpes,150.0,552cc6bec751df224637dddb,Direction Régionale de l'Alimentation de l'Agriculture et de la Forêt d'Auvergne-Rhône-Alpes (DRAAF Auvergne-Rhône-Alpes),direction regionale alimentation agriculture et la foret auvergne-rhône-alpes draaf auvergne-rhône-alpes,datara donnees publiques ouvertes en auvergne-rhône-alpes,Direction Régionale de l'Alimentation de l'Agriculture et de la Forêt d'Auvergne-Rhône-Alpes (DRAAF Auvergne-Rhône-Alpes),f81a9d654f3b34eebe04652247ff2fc4,http://www.geocatalogue.fr/www/dcat/f81a9d654f3b34eebe04652247ff2fc4/catalog.rdf,direction regionale alimentation agriculture et la foret auvergne-rhône-alpes draaf auvergne-rhône-alpes
552cc6bec751df224637dddb,DatARA - Données publiques ouvertes en Auvergne-Rhône-Alpes,150.0,552cc6bec751df224637dddb,Établissement Public Foncier de l'Ouest Rhône-Alpes (EPORA),établissement public foncier ouest rhône-alpes epora,datara donnees publiques ouvertes en auvergne-rhône-alpes,Établissement Public Foncier de l'Ouest Rhône-Alpes (EPORA),9d801234632d75572a682afe1152c24b,http://www.geocatalogue.fr/www/dcat/9d801234632d75572a682afe1152c24b/catalog.rdf,établissement public foncier ouest rhône-alpes epora
55279335c751df7b78aec475,Mairie de Créteil,0.0,55279335c751df7b78aec475,Ville de Créteil,ville creteil,mairie creteil,Ville de Créteil,b73a2cb44b8e67da0961e5f264fdb866,http://www.geocatalogue.fr/www/dcat/b73a2cb44b8e67da0961e5f264fdb866/catalog.rdf,ville creteil
55263369c751df702faec475,Occitanie Pyrénées en Intelligence Géomatique,123.0,55263369c751df702faec475,Association Climatologique de l'Hérault,association climatologique herault,occitanie pyrenees en intelligence geomatique,Association Climatologique de l'Hérault,00aeb4060703740f3ff524472021680f,http://www.geocatalogue.fr/www/dcat/00aeb4060703740f3ff524472021680f/catalog.rdf,association climatologique herault
55263369c751df702faec475,Occitanie Pyrénées en Intelligence Géomatique,123.0,55263369c751df702faec475,Communauté de Communes du Grand Pic Saint Loup,communaute communes grand pic saint loup,occitanie pyrenees en intelligence geomatique,Communauté de Communes du Grand Pic Saint Loup,354e6e10818da08d546defefd730c099,http://www.geocatalogue.fr/www/dcat/354e6e10818da08d546defefd730c099/catalog.rdf,communaute communes grand pic saint loup
55263369c751df702faec475,Occitanie Pyrénées en Intelligence Géomatique,123.0,55263369c751df702faec475,MONTPELLIER MEDITERRANEE METROPOLE,montpellier mediterranee metropole,occitanie pyrenees en intelligence geomatique,Montpellier Méditerranée Métropole,d384f2a467ea1ba1017428a0576e62d9,http://www.geocatalogue.fr/www/dcat/d384f2a467ea1ba1017428a0576e62d9/catalog.rdf,montpellier mediterranee metropole
55263369c751df702faec475,Occitanie Pyrénées en Intelligence Géomatique,123.0,55263369c751df702faec475,Montpellier Méditerranée Métropole,montpellier mediterranee metropole,occitanie pyrenees en intelligence geomatique,Montpellier Méditerranée Métropole,d384f2a467ea1ba1017428a0576e62d9,http://www.geocatalogue.fr/www/dcat/d384f2a467ea1ba1017428a0576e62d9/catalog.rdf,montpellier mediterranee metropole
55263369c751df702faec475,Occitanie Pyrénées en Intelligence Géomatique,123.0,55263369c751df702faec475,Ville de Montpellier,ville montpellier,occitanie pyrenees en intelligence geomatique,Ville de Montpellier,c93c68ba3930acd3315b0d9049f58679,http://www.geocatalogue.fr/www/dcat/c93c68ba3930acd3315b0d9049f58679/catalog.rdf,ville montpellier
54f461f8c751df0f88882844,Institut français de recherche pour l'exploitation de la mer (IFREMER),268.0,54f461f8c751df0f88882844,UBO UMR 6308 Amure,ubo umr 6308 amure,institut français recherche exploitation la mer ifremer,UBO UMR 6308 Amure,7b8d49555dc9cf40edc72d9027b80bc4,http://www.geocatalogue.fr/www/dcat/7b8d49555dc9cf40edc72d9027b80bc4/catalog.rdf,ubo umr 6308 amure
5457bc26c751df7378225d2e,Seine-Saint-Denis - Le Département,196.0,5457bc26c751df7378225d2e,IN Seine-Saint-Denis,in seine-saint-denis,seine-saint-denis le departement,IN Seine-Saint-Denis,83d0f17c81b4c80d1f4b2e99a31f3412,http://www.geocatalogue.fr/www/dcat/83d0f17c81b4c80d1f4b2e99a31f3412/catalog.rdf,in seine-saint-denis
54256fe588ee380af6717348,IDéO BFC,12.0,54256fe588ee380af6717348,Société d'Histoire Naturelle d'Autun,societe histoire naturelle autun,ideo bfc,Société d'Histoire Naturelle d'Autun,cc518c54893eee6526766062aa59735f,http://www.geocatalogue.fr/www/dcat/cc518c54893eee6526766062aa59735f/catalog.rdf,societe histoire naturelle autun
54256fe588ee380af6717348,IDéO BFC,12.0,54256fe588ee380af6717348,Territoires numériques Bourgogne-Franche-Comté,territoires numeriques bourgogne-franche-comte,ideo bfc,Territoires Numériques Bourgogne-Franche-Comté,5e337ac8fa2602f9f7bd0abb07dfbf45,http://www.geocatalogue.fr/www/dcat/5e337ac8fa2602f9f7bd0abb07dfbf45/catalog.rdf,territoires numeriques bourgogne-franche-comte
5420b971a3a7297b491991df,Bassin Adour garonne,3.0,5420b971a3a7297b491991df,Agence de l'eau Adour Garonne (AEAG),agence eau adour garonne aeag,bassin adour garonne,Agence de l'eau Adour Garonne (AEAG),bdb31aaf37e0f29db345d2b62d7ccccb,http://www.geocatalogue.fr/www/dcat/bdb31aaf37e0f29db345d2b62d7ccccb/catalog.rdf,agence eau adour garonne aeag
534fff6ca3a7292c64a77da6,Centre de Ressources en Information Géographique en Provence-Alpes-Côte d'Azur,0.0,534fff6ca3a7292c64a77da6,Commune des Pennes-Mirabeau,commune pennes-mirabeau,centre ressources en information geographique en provence-alpes-côte azur,Commune des Pennes-Mirabeau,06ecb2f7f215f1a8ac5e9ccb4f5c52e6,http://www.geocatalogue.fr/www/dcat/06ecb2f7f215f1a8ac5e9ccb4f5c52e6/catalog.rdf,commune pennes-mirabeau
534fff6ca3a7292c64a77da6,Centre de Ressources en Information Géographique en Provence-Alpes-Côte d'Azur,0.0,534fff6ca3a7292c64a77da6,Métropole Nice Cote d'Azur (NCA),metropole nice cote azur nca,centre ressources en information geographique en provence-alpes-côte azur,Métropole Nice Cote d'Azur (NCA),38c84ac715e47b8cd7244e8b792da366,http://www.geocatalogue.fr/www/dcat/38c84ac715e47b8cd7244e8b792da366/catalog.rdf,metropole nice cote azur nca
534fff6ba3a7292c64a77da1,CIGAL (Coopération pour l’Information Géographique en Alsace),9.0,534fff6ba3a7292c64a77da1,Communauté d'Agglomération de Colmar,communaute agglomeration colmar,cigal cooperation l’information geographique en alsace,Communauté d'Agglomération de Colmar,11af90bfa09bc7d7d06715d024d832bc,http://www.geocatalogue.fr/www/dcat/11af90bfa09bc7d7d06715d024d832bc/catalog.rdf,communaute agglomeration colmar
534fff6ba3a7292c64a77da1,CIGAL (Coopération pour l’Information Géographique en Alsace),9.0,534fff6ba3a7292c64a77da1,GéoGrandEst,geograndest,cigal cooperation l’information geographique en alsace,GéoGrandEst,def001eda2af8eaccc991eda2236be5b,http://www.geocatalogue.fr/www/dcat/def001eda2af8eaccc991eda2236be5b/catalog.rdf,geograndest
